pre_loss,pre_acc,post_loss,post_acc,maintained_correct_pred
1.0878630876541138,0.633899986743927,25.07577133178711,0.0,0.0
