pre_loss,pre_acc,post_loss,post_acc,maintained_correct_pred,model_type
1.1572366952896118,0.5946000218391418,5.384896755218506,0.014800000004470348,0.02472250252270434,trop
