pre_loss,pre_acc,post_loss,post_acc,maintained_correct_pred,model_type
0.046624504029750824,0.9879999756813049,1.871556043624878,0.5956000089645386,0.602834008097166,trop
