pre_loss,pre_acc,post_loss,post_acc,maintained_correct_pred,model_type
0.3316490650177002,0.9053472876548767,6.129776954650879,0.14424555003643036,0.15932620502376102,trop
